clade,n_samples,n_haplotypes,cleaned_sites,variable_sites,Hd,pi,members
Yak,6,6,15879,98,1.000000,0.002120,Z9854|Z9855|Z9856|Z9858|Z9863|K0914
Cattle,10,9,14385,31,0.977778,0.000582,K0909|Z9850|Z9851|Z9852|Z9857|Z9859|Z9860|Z9861|Z9865|Z9867